655,65535,09911,
65535,09983,
65535,10056,
65535,10130,
65535,10203,
65535,10275,
65535,10348,
65535,10422,
65535,10495,
65535,10567,
65535,10640,
65535,10714,
65535,10787,
65535,10859,
65535,10932,
65535,11006,
65535,11079,
65535,11151,
65535,11224,
65535,11298,
65535,11371,
65535,11443,
65535,11516,
65535,11590,
65535,11663,
65535,11735,
65535,11809,
65535,11882,
65535,11955,
65535,12028,
65535,12101,
65535,12174,
65535,12247,
65535,12319,
65535,12393,
65535,12466,
65535,12539,
65535,12612,
65535,12685,
65535,12758,
65535,12831,
65535,12904,
65535,12977,
65535,13050,
65535,13123,
65535,13196,
65535,13269,
65535,13342,
65535,13415,
65535,13488,
65535,13561,
65535,13634,
65535,13707,
65535,13780,
65535,13853,
65535,13926,
65535,13999,
65535,14072,
65535,14145,
65535,14218,
65535,14291,
65535,14364,
65535,14437,
65535,14510,
65535,14583,
65535,14656,
65535,14729,
65535,14802,
65535,14875,
65535,14948,
65535,15021,
65535,15094,
65535,15167,
65535,15240,
65535,15313,
65535,15386,
65535,15459,
65535,15532,
65535,15605,
65535,15678,
65535,15751,
65535,15824,
65535,15897,
65535,15970,
65535,16043,
65535,16116,
65535,16189,
65535,16262,
65535,16335,
65535,16408,
65535,16481,
65535,16554,
65535,16627,
65535,16700,
65535,16773,
65535,16846,
65535,16919,
65535,16992,
65535,17065,
65535,17138,
65535,17211,
65535,17284,
65535,17357,
65535,17430,
65535,17503,
65535,17576,
65535,17649,
65535,17722,
65535,17795,
65535,17868,
65535,17942,
65535,18015,
65535,18087,
65535,18160,
65535,18234,
65535,18307,
65535,18379,
65535,18452,
65535,18526,
65535,18599,
65535,18671,
65535,18744,
65535,18818,
65535,18891,
65535,18963,
65535,19036,
65535,19110,
65535,19183,
65535,19255,
65535,19328,
65535,19402,
65535,19475,
65535,19547,
65535,19620,
65535,19694,
65535,19767,
65535,19839,
65535,19912,
65535,19986,
65535,20059,
65535,20131,
65535,20204,
65535,20278,
65535,20351,
65535,20423,
65535,20496,
65535,20570,
65535,20643,
65535,20715,
65535,20788,
65535,20862,
65535,20935,
65535,21007,
65535,21080,
65535,21154,
65535,21227,
65535,21299,
65535,21372,
65535,21446,
65535,21519,
65535,21591,
65535,21665,
65535,21738,
65535,21811,
65535,21884,
65535,21957,
65535,22030,
65535,22103,
65535,22175,
65535,22248,
65535,22322,
65535,22395,
65535,22467,
65535,22540,
65535,22614,
65535,22687,
65535,22760,
65535,22833,
65535,22906,
65535,22979,
65535,23052,
65535,23125,
65535,23198,
65535,23271,
65535,23344,
65535,23417,
65535,23490,
65535,23563,
65535,23636,
65535,23709,
65535,23782,
65535,23855,
65535,23928,
65535,24001,
65535,24074,
65535,24147,
65535,24220,
65535,24293,
65535,24366,
65535,24439,
65535,24512,
65535,24585,
65535,24658,
65535,24731,
65535,24804,
65535,24877,
65535,24950,
65535,25023,
65535,25096,
65535,25169,
65535,25242,
65535,25315,
65535,25388,
65535,25461,
65535,25534,
65535,25607,
65535,25680,
65535,25753,
65535,25826,
65535,25899,
65535,25972,
65535,26045,
65535,26118,
65535,26191,
65535,26264,
65535,26337,
65535,26410,
65535,26483,
65535,26556,
65535,26629,
65535,26702,
65535,26775,
65535,26848,
65535,26921,
65535,26994,
65535,27067,
65535,27140,
65535,27213,
65535,27286,
65535,27359,
65535,27432,
65535,27505,
65535,27578,
65535,27651,
65535,27724,
65535,27797,
65535,27870,
65535,27943,
65535,28016,
65535,28089,
65535,28162,
65535,28235,
65535,28308,
65535,28382,
65535,28455,
65535,28527,
65535,28600,
65535,28674,
65535,28747,
65535,28819,
65535,28892,
65535,28966,
65535,29039,
65535,29111,
65535,29184,
65535,29258,
65535,29331,
65535,29403,
65535,29476,
65535,29550,
65535,29623,
65535,29695,
65535,29768,
65535,29842,
65535,29915,
65535,29987,
65535,30060,
65535,30134,
65535,30207,
65535,30279,
65535,30352,
65535,30426,
65535,30499,
65535,30571,
65535,30644,
65535,30718,
65535,30791,
65535,30863,
65535,30936,
65535,31010,
65535,31083,
65535,31155,
65535,31228,
65535,31302,
65535,31375,
65535,31447,
65535,31520,
65535,31594,
65535,31667,
65535,31739,
65535,31812,
65535,31886,
65535,31959,
65535,32031,
65535,32104,
65535,32178,
65535,32251,
65535,32323,
65535,32396,
65535,32470,
65535,32543,
65535,32615,
65535,32688,
65535,32762,
65535,32835,
65535,32907,
65535,32980,
65535,33054,
65535,33127,
65535,33200,
65535,33273,
65535,33346,
65535,33419,
65535,33491,
65535,33565,
65535,33638,
65535,33711,
65535,33784,
65535,33857,
65535,33930,
65535,34003,
65535,34076,
65535,34149,
65535,34222,
65535,34295,
65535,34368,
65535,34441,
65535,34514,
65535,34587,
65535,34660,
65535,34733,
65535,34806,
65535,34879,
65535,34952,
65535,35025,
65535,35098,
65535,35171,
65535,35244,
65535,35317,
65535,35390,
65535,35463,
65535,35536,
65535,35609,
65535,35682,
65535,35755,
65535,35828,
65535,35901,
65535,35974,
65535,36047,
65535,36120,
65535,36193,
65535,36266,
65535,36339,
65535,36412,
65535,36485,
65535,36558,
65535,36631,
65535,36704,
65535,36777,
65535,36850,
65535,36923,
65535,36996,
65535,37069,
65535,37142,
65535,37215,
65535,37288,
65535,37361,
65535,37434,
65535,37507,
65535,37580,
65535,37653,
65535,37726,
65535,37799,
65535,37872,
65535,37945,
65535,38018,
65535,38091,
65535,38164,
65535,38237,
65535,38310,
65535,38383,
65535,38456,
65535,38530,
65535,38602,
65535,38675,
65535,38748,
65535,38822,
65535,38894,
65535,38967,
65535,39040,
65535,39114,
65535,39187,
65535,39259,
65535,39332,
65535,39406,
65535,39479,
65535,39551,
65535,39624,
65535,39698,
65535,39771,
65535,39843,
65535,39916,
